<NotepadPlus>
    <UserLang name="Cues ctl Purr-Data" ext="cuelist" udlVersion="2.1">
        <Settings>
            <Global caseIgnored="no" allowFoldOfComments="no" foldCompact="no" forcePureLC="0" decimalSeparator="0" />
            <Prefix Keywords1="no" Keywords2="yes" Keywords3="no" Keywords4="no" Keywords5="no" Keywords6="no" Keywords7="no" Keywords8="no" />
        </Settings>
        <KeywordLists>
            <Keywords name="Comments">00# 01 02 03 04</Keywords>
            <Keywords name="Numbers, prefix1"></Keywords>
            <Keywords name="Numbers, prefix2"></Keywords>
            <Keywords name="Numbers, extras1"></Keywords>
            <Keywords name="Numbers, extras2"></Keywords>
            <Keywords name="Numbers, suffix1"></Keywords>
            <Keywords name="Numbers, suffix2"></Keywords>
            <Keywords name="Numbers, range"></Keywords>
            <Keywords name="Operators1"></Keywords>
            <Keywords name="Operators2"></Keywords>
            <Keywords name="Folders in code1, open"></Keywords>
            <Keywords name="Folders in code1, middle"></Keywords>
            <Keywords name="Folders in code1, close"></Keywords>
            <Keywords name="Folders in code2, open">begincue</Keywords>
            <Keywords name="Folders in code2, middle"></Keywords>
            <Keywords name="Folders in code2, close">end</Keywords>
            <Keywords name="Folders in comment, open"></Keywords>
            <Keywords name="Folders in comment, middle"></Keywords>
            <Keywords name="Folders in comment, close"></Keywords>
            <Keywords name="Keywords1"></Keywords>
            <Keywords name="Keywords2">comment1 comment2 comment3 comment4</Keywords>
            <Keywords name="Keywords3">move_corner&#x000D;&#x000A;move_warper&#x000D;&#x000A;set_corner&#x000D;&#x000A;set_warper_pos&#x000D;&#x000A;set_all_corners&#x000D;&#x000A;setDisplayRect&#x000D;&#x000A;get_all_corners&#x000D;&#x000A;load_video&#x000D;&#x000A;create_surface&#x000D;&#x000A;delete_surface&#x000D;&#x000A;select_surface&#x000D;&#x000A;select_corner&#x000D;&#x000A;deselect_corner&#x000D;&#x000A;enableLooping&#x000D;&#x000A;pause&#x000D;&#x000A;set_volume&#x000D;&#x000A;step_frame&#x000D;&#x000A;seek_to&#x000D;&#x000A;bShowWarpers&#x000D;&#x000A;bShowTestScreen&#x000D;&#x000A;bInvertColors&#x000D;&#x000A;bShowDebugText&#x000D;&#x000A;adapt_warper_to_media&#x000D;&#x000A;adapt_font_to_warper&#x000D;&#x000A;set_alpha_testScreen&#x000D;&#x000A;warpers_colors&#x000D;&#x000A;settings&#x000D;&#x000A;audio_settings&#x000D;&#x000A;you_are&#x000D;&#x000A;who_is_there&#x000D;&#x000A;list_files&#x000D;&#x000A;exit&#x000D;&#x000A;reset&#x000D;&#x000A;disconnect&#x000D;&#x000A;info</Keywords>
            <Keywords name="Keywords4">broadcast</Keywords>
            <Keywords name="Keywords5">clients&#x000D;&#x000A;to_netserver&#x000D;&#x000A;cmd&#x000D;&#x000A;init_time&#x000D;&#x000A;read&#x000D;&#x000A;delaySend&#x000D;&#x000A;delaySend2&#x000D;&#x000A;delaySend3</Keywords>
            <Keywords name="Keywords6"></Keywords>
            <Keywords name="Keywords7"></Keywords>
            <Keywords name="Keywords8"></Keywords>
            <Keywords name="Delimiters">00 01 02 03 04 05 06 07 08 09 10 11 12 13 14 15 16 17 18 19 20 21 22 23</Keywords>
        </KeywordLists>
        <Styles>
            <WordsStyle name="DEFAULT" fgColor="FFFFFF" bgColor="FFFFFF" colorStyle="1" fontName="" fontStyle="0" nesting="0" />
            <WordsStyle name="COMMENTS" fgColor="000000" bgColor="FFFFFF" fontName="" fontStyle="0" nesting="0" />
            <WordsStyle name="LINE COMMENTS" fgColor="9D9D9D" bgColor="FFFFFF" colorStyle="1" fontName="" fontStyle="0" nesting="0" />
            <WordsStyle name="NUMBERS" fgColor="FFFFA8" bgColor="FFFFFF" colorStyle="1" fontName="" fontStyle="0" nesting="0" />
            <WordsStyle name="KEYWORDS1" fgColor="FF0000" bgColor="FFFFFF" colorStyle="1" fontName="" fontStyle="0" nesting="0" />
            <WordsStyle name="KEYWORDS2" fgColor="80FF00" bgColor="FFFFFF" colorStyle="1" fontName="" fontStyle="2" nesting="0" />
            <WordsStyle name="KEYWORDS3" fgColor="FF8040" bgColor="FFFFFF" colorStyle="1" fontName="" fontStyle="0" nesting="0" />
            <WordsStyle name="KEYWORDS4" fgColor="00FFFF" bgColor="FFFFFF" colorStyle="1" fontName="" fontStyle="0" nesting="0" />
            <WordsStyle name="KEYWORDS5" fgColor="80FFFF" bgColor="FFFFFF" colorStyle="1" fontName="" fontStyle="0" nesting="0" />
            <WordsStyle name="KEYWORDS6" fgColor="000000" bgColor="FFFFFF" fontName="" fontStyle="0" nesting="0" />
            <WordsStyle name="KEYWORDS7" fgColor="000000" bgColor="FFFFFF" fontName="" fontStyle="0" nesting="0" />
            <WordsStyle name="KEYWORDS8" fgColor="000000" bgColor="FFFFFF" fontName="" fontStyle="0" nesting="0" />
            <WordsStyle name="OPERATORS" fgColor="000000" bgColor="FFFFFF" fontName="" fontStyle="0" nesting="0" />
            <WordsStyle name="FOLDER IN CODE1" fgColor="000000" bgColor="FFFFFF" colorStyle="1" fontName="" fontStyle="0" nesting="0" />
            <WordsStyle name="FOLDER IN CODE2" fgColor="FF0000" bgColor="FFFFFF" colorStyle="1" fontName="" fontStyle="1" nesting="0" />
            <WordsStyle name="FOLDER IN COMMENT" fgColor="000000" bgColor="FFFFFF" colorStyle="1" fontName="" fontStyle="0" nesting="0" />
            <WordsStyle name="DELIMITERS1" fgColor="000000" bgColor="FFFFFF" fontName="" fontStyle="0" nesting="0" />
            <WordsStyle name="DELIMITERS2" fgColor="000000" bgColor="FFFFFF" fontName="" fontStyle="0" nesting="0" />
            <WordsStyle name="DELIMITERS3" fgColor="000000" bgColor="FFFFFF" fontName="" fontStyle="0" nesting="0" />
            <WordsStyle name="DELIMITERS4" fgColor="000000" bgColor="FFFFFF" fontName="" fontStyle="0" nesting="0" />
            <WordsStyle name="DELIMITERS5" fgColor="000000" bgColor="FFFFFF" fontName="" fontStyle="0" nesting="0" />
            <WordsStyle name="DELIMITERS6" fgColor="000000" bgColor="FFFFFF" fontName="" fontStyle="0" nesting="0" />
            <WordsStyle name="DELIMITERS7" fgColor="000000" bgColor="FFFFFF" fontName="" fontStyle="0" nesting="0" />
            <WordsStyle name="DELIMITERS8" fgColor="000000" bgColor="FFFFFF" fontName="" fontStyle="0" nesting="0" />
        </Styles>
    </UserLang>
</NotepadPlus>
